Company Name	Website	City	Segment	What They Make	Revenue Band	Decision Maker	DM Title	DM Background	C1 Manufacturer	C1 Evidence	C2 India Score	C2 Evidence	C3 Differentiation	C3 Evidence	C4 Tech DM Score	C4 Evidence	C5 Tailwind Score	C5 Evidence	C6 Growth Score	C6 Evidence	Verdict	Verdict Reasoning	Personalization	Evidence Sources
Canpex Chemicals Pvt. Ltd.	canpex.co.in	Pune	Custom synthesis & specialty chemicals (Agro/Pharma Intermediates and Mining Chemicals)	Guanidine Nitrate, Ammonium Nitrate, and Hydrogen Cyanamide (48% solution for pharma/agro use).	Unknown — verify on Tofler.	Subhash Mutha (Promoter) / Jitendrakumar M. Jain (CEO)	Promoter / Chief Executive Officer	Unknown — verify specific technical/engineering credentials on LinkedIn (Company site notes Subhash Mutha has a "techno-commercial" background originating in chemical trading).	Strong	Operates a fully automated "Continuous Process" physical plant in Ambhora Village, Ashti, Beed district (approx. 3.96 Ha land).	Strong	HQ in Nana Peth, Pune; manufacturing located in Beed, Maharashtra.	Strong	Claims to be the world's largest manufacturer of Guanidine Nitrate (4,800 TPA capacity) and successfully backward integrated to develop a pilot plant for Hydrogen Cyanamide. ISO 9001:2015 certified.	Unknown	Needs explicit verification of formal scientific degrees for the promoter or CEO.	Strong	Heavy export focus (South Africa, Belgium, Japan, South Korea) for its specialty nitrates.	Strong	A 2022 MoEF&CC Environmental Clearance application reveals a ₹38.77 Cr capital expansion project to add new API and chemical intermediate manufacturing capacities at the existing plant.	Strong Pass	Canpex Chemicals is a highly targeted "Federer" profile company. They have evolved from a trading background into operating a fully automated, continuous process physical plant. Their dominant market share in Guanidine Nitrate and documented multi-crore capital expenditure for API plant expansion are massive growth signals.	Noticed your 2022 Environmental Clearance filing for the ₹38Cr capacity expansion at the Ashti plant; curious how the new API and intermediate production lines are scaling up alongside your core Guanidine Nitrate exports.	canpex.co.in; Ministry of Environment (MoEF&CC) EC Application Form 1 (Feb 2022, Ref: CCPL/EC/02/21-22).
Sujalam Chemicals / Quality Pharma and Fine Chemicals	sujalampharma.com	Pune	Custom synthesis & specialty chemicals (APIs and Intermediates)	Bulk active pharmaceutical ingredients (APIs), specialized intermediates, and fine chemicals (e.g., Lopinavir intermediates, Cobalt Bromide). Handles complex multi-step syntheses (Grignard, Nitration, Sulphonation).	Unknown — verify on Tofler (IndiaMART profile estimates ₹5–25 Cr, suggesting a micro/small tier).	Harishchandra Nanasaheb Dorge	Founder and CEO	MSc in Chemistry from Pune University (Savitribai Phule University).	Strong	Operates three physical manufacturing units under the same group in MIDC Kurkumbh, Pune (Sujalam units A-43 & A-61, and Quality Pharma unit D-34/3) equipped with SS and GL reactors (0.2 KL to 5 KL).	Strong	HQ in Hadapsar, Pune; manufacturing plants in MIDC Kurkumbh, Maharashtra.	Strong	Not a standard generic formulations trader; performs complex chemical fractionations at high temperatures and holds Drug Master Files (DMFs) in CTD format. API plant is ISO 9001:2015 certified.	Strong	Founder holds a formal Master's degree in Chemistry, indicating strong scientific oversight.	Strong	Exports APIs and specialty chemicals to over 30 countries globally, fitting the China+1 export substitution narrative.	Moderate	Company claims manufacturing capacity has increased more than 4 times over the past 3 years. Active hiring needs verification on LinkedIn.	Pass	Sujalam Chemicals hits the core "Federer" marks: physical manufacturing, an explicitly verified technical founder (MSc Chemistry), and a focus on complex chemistry (multi-step syntheses, APIs). The three sister units function as a single consolidated group.	Noticed your deep technical background from Pune University and your team's capability with multi-step synthesis like Grignard reactions at the Kurkumbh units; curious if you are currently expanding your reactor capacities to fulfill more API export demands.	sujalampharma.com; India 5000 MSME Awards (Founder Details); IndiaMART profile (revenue hints).
Serigen Mediproducts Pvt. Ltd.	serigenmed.com	Pune	Specialty diagnostics & life-science tools (Tissue Engineering & Biomaterials)	Silk protein-based biomedical products, bioabsorbable implants, bone void fillers, and advanced wound dressings (e.g., "Seriderm").	< ₹1 Cr (FY24 via Tofler/Tracxn). Note: Extremely early-stage/pre-scale.	Dr. Anuya Nisal / Dr. Premnath Venugopalan / Dr. Swati Shukla	Co-Founders (CEO / Director / COO)	All three are highly credentialed biomedical technology experts and researchers. The company is a direct spin-off from the prestigious CSIR-National Chemical Laboratory (NCL) in Pune.	Moderate	They utilize patented processing techniques to manufacture natural silk into biomaterials. However, given their <₹1Cr revenue, they are likely operating out of a pilot/incubator facility rather than a large-scale commercial plant.	Strong	Incubated and operating out of Parvati/Electronic Co-Op Estate, Pune.	Strong	Exceptionally high differentiation. Holds DSIR recognition (TU/IV-RD/4203) and deep IP for transforming silkworm proteins into tissue-regeneration scaffolds.	Strong	Textbook "Tech DM" fit. Founded by active PhD research scientists from a premier national laboratory.	Moderate	Advanced medical devices and wound care are growing sectors, though they are currently driven by domestic commercialization rather than bulk global export.	Moderate	Successfully launched their first commercial product (Seriderm) in Aug 2023 and recently raised ₹10 Cr in Seed funding (Aug 2024) to scale operations.	Borderline (Pass with Caution)	Serigen is the ultimate "Federer" profile in terms of mindset and capability (PhD founders, deep IP, CSIR spin-off, high-tech biomedical products). However, they fall drastically short on the revenue scale. With FY24 revenue under ₹1 Cr, they are a Seed-stage startup, not a mid-market established manufacturer.	Following your recent ₹10 Cr seed round and the commercial launch of Seriderm; curious how you are planning to scale up your physical manufacturing capacity for silk-based scaffolds as you move beyond the NCL incubation phase.	Tracxn (Funding, Cap Table, Revenue <$108k); Tofler (Revenue <₹1 Cr); YourStory; DSIR TU/IV-RD/4203.
B.D. Industries (Pune) Limited	bdi-group.org	Pune (HQ Mumbai)	Specialized Polymer/Plastics (Automotive)	Rotationally molded specialty parts: fuel tanks, urea tanks, fenders, and cabin roofs for OEMs.	₹84.13 Cr (FY25 - per IPO filings).	Dalbirpal Hemraj Saini	Managing Director	15+ years experience in precision plastic manufacturing leadership.	Strong	Operates multiple physical roto-molding units near OEM hubs (Pune/Chennai).	Strong	Primary operations and R&D focused in the Pune-Mumbai industrial belt.	Strong	Focuses on high-precision "Engineered Profiles" for John Deere/Mahindra, not bulk household plastics.	Moderate	Founder-driven with deep domain expertise in industrial roto-molding.	Strong	Beneficiary of lightweighting trends in the EV and automotive OEM space.	Strong	SME IPO (Aug 2025) to fund debt reduction and capacity expansion to 6,300 MT.	Pass	Clears all Hard Kill rules; revenue is perfectly within the mid-market target. Transition to public listing indicates a high growth mindset and structured operations.	Noticed your recent IPO expansion plans to 6,300 MT; curious how you are scaling your roto-molding precision for the new John Deere and Mahindra contracts.	bdi-group.org; 5paisa SME IPO Review; Tracxn FY25 Financials.
Kan Biosys Pvt. Ltd.	kanbiosys.com	Pune (Dhayari/Sinhagad Rd)	Specialty Biotech (Agri-Microbials)	Patented liquid bio-fertilizers, microbial inputs for plant nutrition, and biopesticides.	₹34.1 Cr (FY25 - per Tracxn).	Dr. Sandeepa Kanitkar	MD & Founder	WIPO Gold Medalist; Prominent leader in BioAgTech globally.	Strong	Owns specialized microbial fermentation and formulation plant.	Strong	HQ and R&D in Pune (Fergusson Rd/Dhayari).	Strong	Inventors of Liquid Biofertilizers with international patents and WIPO recognition.	Strong	Founder is a recognized scientific authority in microbial technologies.	Strong	Strong export focus (Shortlisted in Top 10 Biostimulants in China).	Moderate	Documented "Discovery Pipeline" and expansion into 30+ countries.	Pass	A classic "Federer" company: High IP (patented liquid fertilizers), technical leadership, and independent promoter-driven growth.	Impressive to see your WIPO Gold Medal for liquid bio-fertilizers; curious about your current R&D focus for the China and global export markets.	kanbiosys.com; Tracxn; WIPO Awards Registry; DSIR TU/IV-RD/2875.
Ajay Bio-Tech (India) Ltd.	ajaybiotech.com	Pune (Baner/Purandar)	Specialty Chemicals (Agri-Bio)	Bio-insecticides, bio-fungicides, bio-fertilizers, and organic medical devices.	₹43.4 Cr (FY25 - per Tracxn).	Dr. Subrata Sarkar	Whole Time Director	M.Tech (IIT); PhD; 32+ years in technical scale-up & process optimization.	Strong	Large-scale manufacturing plants; ISO 9001, 14001, and 13485 certified.	Strong	Registered and operating in Baner and Tal. Purandar, Pune.	Strong	DSIR recognized R&D Laboratory (TU/IV-RD/2877). Manufactures 100% organic technical inputs.	Strong	Technical unit led by an IIT M.Tech with a focus on "Clean Technology" innovation.	Strong	Direct beneficiary of the global shift toward organic and residue-free agriculture.	Moderate	Focus on technology up-gradation and scale-up of institutional markets.	Pass	Technically robust due to the IIT-led leadership. While part of the Netsurf Group, it maintains distinct manufacturing IP and DSIR recognition.	I was reviewing Dr. Sarkar's M.Tech (IIT) background in process optimization; curious if his 'Clean Tech' approach is driving your new organic R&D pipeline.	ajaybiotech.com; Netsurf Group Management Profiles; Tracxn; DSIR TU/IV-RD/2877.
Agio Pharmaceuticals Ltd.	agio-pharma.com	Pune (Primary Mfg) / Mumbai (HQ)	Custom synthesis & specialty chem (Formulations)	Specialized formulations: small volume injectables, dry syrups, and complex ointments/gels.	₹200–300 Cr (FY24 - per Tofler).	Madhusudan Govindprasad Ruia	Managing Director	34-year tenure; established promoter with focus on global formulation supply.	Strong	Operates a multifaceted formulation plant in Bhosari MIDC, Pune. Owns the process for injectables and complex dosage forms.	Strong	Explicitly states Pune as the "primary manufacturing facility" for their global operations.	Moderate	Focuses on regulated exports (Ghana, Kenya, etc.) with WHO-GMP and ISO 9001 certifications. Not a pure bulk generic player.	Moderate	Founder-driven; established market reputation in complex formulations.	Strong	Beneficiary of the demand for high-quality injectable manufacturing outside of the "Big Pharma" giants.	Strong	Tofler reports 91.64% EBITDA growth in FY24, signaling a strong shift into high-margin/growth mode.	Pass (with Caveat)	Clears revenue and independent owner rules. While it produces formulations, its focus on injectables and complex dosages moves it away from the "Generic Pharma" commodity trap. High EBITDA growth is a strong Federer signal.	Noticed your primary manufacturing hub in Bhosari is driving nearly 92% EBITDA growth; curious if your focus on injectables is the main catalyst for this expansion.	agio-pharma.com; Tofler (Revenue & EBITDA growth); Justdial mfg verification.
Indian Oxides and Chemicals Pvt. Ltd. (IOCL)	indianoxides.com	Pune (Pimpri & Chimbli) / Mumbai (HQ)	Specialty Chemicals (Flame Retardants)	Antimony Trioxide (ATO), Antimony Oxide, and Flame Retardant Masterbatches for polymers/plastics.	₹200–300 Cr (FY24 - per Tofler).	Shernaz Firoze Vakil / Kavas Dara Patel	Directors	Promoting family (Neterwala Group affiliation) with deep technical focus on metallurgy/chemicals.	Strong	Operates two dedicated factories in Pimpri and Chimbli (Pune). One of India's largest manufacturers of Antimony Trioxide.	Strong	Manufacturing is entirely concentrated in the Pune industrial cluster.	Strong	Highly niche technical product (Flame Retardants). Custom-makes masterbatches for specific polymer carriers.	Moderate	Part of the technically-oriented Neterwala Group but operates as an independent specialty arm.	Strong	Critical player in the polymer/electronics supply chain; beneficiary of domestic "Make in India" for plastics.	Moderate	Established market leader with consistent quality output and R&D-driven custom solutions.	Strong Pass	A perfect "Federer" fit. Independent, mid-sized, and operating in a high-differentiation technical niche (antimony-based chemicals) with its primary "muscles" (factories) in Pune.	Impressive to see IOCL's status as a top Antimony Trioxide manufacturer in Pune; curious if you are currently scaling your masterbatch lines for the growing EV plastic segment.	indianoxides.com; Tofler (Revenue: ₹200-300 Cr); ExportersIndia (Factory Locations).
Rise N' Shine Biotech Pvt. Ltd.	rnshine.com	Theur, Pune	Specialty Biotech (Floriculture & Tissue Culture)	High-tech tissue culture plants (Flowers like Gerbera/Carnation and Fruits like Banana/Date Palm).	₹48.4 Cr (FY25 – verified via Tracxn).	Dr. Bhagyashree Shedge / D. S. Shedge	Director / Founder & Managing Director	Dr. Bhagyashree Shedge holds technical credentials in biotech/floriculture; D. S. Shedge has over 20+ years of domain experience.	Strong	Operates a massive 12,000 sq. ft. Ultra-Modern Biotechnology Laboratory and extensive greenhouse facilities in Theur, Pune. Not a trader; they produce plants from cells in-house.	Strong	Entire R&D and manufacturing setup is concentrated in the Theur-Pune cluster.	Strong	Holds DSIR Recognition (TU/IV-RD/3694). Specializes in complex Tissue Culture protocols which is a high-technical-bar specialty bio-manufacturing process compared to traditional nurseries.	Strong	Leadership includes a formally trained PhD/Doctorate level technical promoter (Dr. Bhagyashree Shedge).	Strong	Massive Export Focus; exports high-quality flora and tissue culture plants to 30+ countries including the Middle East and Europe.	Strong	Tracxn reports a 24% CAGR in revenue over the last year, reaching the ₹48.4 Cr milestone in FY25.	Strong Pass	Rise N' Shine is a perfect "Federer" fit. It operates in a technical niche (Tissue Culture), is founder-led with technical expertise, and sits perfectly in the ₹30-300Cr revenue sweet spot. The DSIR recognition and successful export model validate their in-house "muscle building" strategy.	Noticed your 24% revenue growth reaching ₹48 Cr this year; curious if you are currently expanding your lab capacity in Theur to meet the rising demand for your tissue-culture date palms in the Middle East.	rnshine.com; Tracxn (FY25 Revenue: ₹48.4 Cr); DSIR TU/IV-RD/3694; IndiaMART Factory Details.
Murli Krishna Pharma Pvt. Ltd.	Unknown — verify official URL.	Pune	Custom synthesis & specialty chemicals (Pharma Intermediates/NDDS)	Novel Drug Delivery Systems (NDDS), specifically micro-pellets, granules, and transdermal patches.	₹147 Cr (FY 2025 Est.) — mid-sized segment.	Satya Vadlamani (MD) / Dr. Vijay S. Shastri	Founder & Managing Director / Technical Lead	Unknown — verify specific institution and prior employer on LinkedIn.	Strong	Operates a physical manufacturing plant at D-98, Ranjangaon MIDC, Pune. Not a service company or testing lab.	Strong	HQ and primary manufacturing operations are in Pune, Maharashtra, India.	Strong	Holds a DSIR-recognized R&D unit (TU/IV-RD/4620). Specializes in complex delivery systems (NDDS) and Aqueous/Organic solvent-based coatings rather than generic bulk APIs. Holds EU-GMP certification (Hungary, Cert: HU-GMP-2019-1-0002, 2019).	Unknown	Needs explicit verification of engineering/science degrees (PhD/IIT/NIT) from LinkedIn or the company's About page.	Strong	Export-driven model utilizing EU-GMP compliance, positioning them well for global supply chain diversification (China+1) in regulated markets.	Weak	No current hiring activity visible on LinkedIn. Revenue growth indicates recent fluctuations/decline.	Pass	Murli Krishna Pharma is a solid Federer fit with strong technical differentiation and independent ownership; slight concern is recent growth visibility.	Noticed your NDDS and transdermal focus at Ranjangaon; are you investing in new EU-regulated capacity?	DSIR TU/IV-RD/4620; EU-GMP registry; Company Check.
Rathi Dye Chem Pvt. Ltd.	rathicolours.com (verify if active)	Pune (HQ) / Raigad (Manufacturing)	Custom synthesis & specialty chemicals (Specialty Solvent Dyes & Metal Complex Dyes)	Rathipon solvent-soluble dyes and metal complex dyes for high-heat industrial applications.	Unknown — verify on Tofler.	Dr. Sunil Rathi	Director / Promoter	Technical background (PhD likely — verify on LinkedIn).	Strong	Manufacturing plant at MIDC Dhatav, Roha; produces proprietary Rathipon dyes.	Strong	HQ Pune with manufacturing in Raigad industrial corridor.	Strong	DSIR-recognized R&D (TU/IV-RD/3656); focus on high-purity specialty dyes.	Strong	Run by technical founder Dr. Sunil Rathi.	Strong	Benefits from China+1 shift in specialty chemicals.	Moderate	Growth needs verification via capacity expansion or hiring.	Pass	Independent, founder-driven specialty chemical firm with strong niche and R&D focus.	Noticed your metal complex dye focus; are you expanding Roha plant for export growth?	TradeIndia; ChemDmart; DSIR.
Elkay Chemicals Pvt. Ltd.	elkaysilicones.com / siliconeselkay.com	Pune (Bhosari) + Lote + Khopoli	Specialty Silicone Manufacturer	Silicone fluids, emulsions, antifoams, release agents and formulations.	₹100–500 Cr band (verify).	Dr. Ravi Kulkarni / Dr. Rahul Kulkarni	Founder & MD / VP Technology	PhD (Columbia, Surface Chemistry); second-gen PhD (Akron, Material Science).	Strong	Manufacturing at Bhosari with additional plants; FDA & WHO CGMP compliant.	Strong	India-based manufacturing; US arm only for sales.	Strong	ISO certified; innovation awards; DSIR claimed (needs verification).	Strong	Highly technical promoter and leadership.	Strong	Exports to 42 countries; growing silicone demand.	Moderate	Volume growth but margin pressure due to global oversupply.	Pass	Promoter-led, PhD-founded specialty manufacturer with export scale; verify DSIR and revenue details.	Noticed export footprint and recycling push; how are you handling margin pressure?	ICRA; Tofler; Company website; LinkedIn.
Mylab Discovery Solutions Pvt. Ltd.	mylabglobal.com	Pune — Operational HQ at Global Innovation Center, Amar Paradigm, Baner Road. Manufacturing at Plot No. 99-B, Lonavala Industrial Co-operative Estate, Pune district.	Molecular Diagnostics Manufacturer (IVD — In-Vitro Diagnostics)	RT-PCR based molecular diagnostic kits including ID-NAT kits for HIV, HBV, and HCV; COVID-19 PCR kits (CDSCO Class C and D, MDR 2017); CompactQ PCR instrument; food safety, agri, and veterinary diagnostics.	Unknown — verify on Tofler.	Hasmukh Rawal (Co-Founder & MD) / Shailendra Kawade (Co-Founder & Chairman)	Co-Founder & MD / Co-Founder & Chairman	Hasmukh Rawal: M.Sc. Medical Biotechnology (PIMS) + MBA Marketing. Previously at BD Biosciences, Invitrogen, and LabIndia. Shailendra Kawade: 15+ years life science and diagnostics industry. Neither founder holds a PhD; both are deep industry practitioners.	Strong	Physical manufacturing facility at Lonavala, Pune district — approved by Indian FDA/CDSCO, MDR 2017 compliant for Class C and D medical devices.	Strong	India-incorporated, Pune-based. Manufacturing in Pune district. No foreign parent company.	Strong	CDSCO licensed (Class C and D, MDR 2017) — verified. ICMR approved (100% sensitivity and specificity). CE-IVD marked with ISO 13485 standard. WHO prequalification claimed but not independently confirmed — verify on WHO database. DSIR: not on DSIR list.	Moderate	Deep industry practitioners, not PhD research scientists. Hasmukh Rawal holds M.Sc. Biotechnology with 8+ years at BD Biosciences and Invitrogen — strong domain credibility.	Strong	India's molecular diagnostics market structurally expanding — post-COVID lab build-out, ICMR surveillance programmes, growing POC testing adoption. Mylab diversified into food safety, agri, vet, and oncology.	Moderate	Post-COVID revenue normalisation is key risk. Tracxn shows 23% CAGR in last 1 year indicating recovery. Revenue base rebuilding from post-COVID trough — verify current trajectory on Tofler.	Pass	Passes all auto-disqualify criteria. Ownership verified by user as promoter-majority. Key watch items: (1) WHO prequalification claim unconfirmed. (2) Revenue to be confirmed on Tofler Pro. (3) Monitor Poonawalla group (~42.5%) and Zydus (6.5%) for further stake increases.	Hasmukh Rawal is a public speaker on diagnostics access and Make in India. First Indian COVID RT-PCR kit in 6 weeks is a strong outreach anchor.	CARE Ratings Feb 2024 public PDF; Tracxn (CIN U74999PN2016PTC164780); mylabglobal.com; The Org (Hasmukh Rawal career); Outlook Business (Zydus 6.5% stake Jun 2023); Biotecnika/BioSpectrum (CDSCO/ICMR approvals).
